sample,n_cells,n_genes,patient,timepoint,response,centrality_n_cells,centrality_n_hub_cells,centrality_hub_fraction,centrality_mean_betweenness,centrality_max_betweenness,centrality_mean_pagerank,centrality_max_pagerank,centrality_mean_degree,centrality_dominant_hub_type,top_mi_gene,top_mi_score
YP03A,953,17958,YP03,Pre,NR,953,48,0.05036726128016789,0.010063103165536576,0.040969342268612416,0.001049317943336831,0.0016149882692403487,0.005248794166144947,NK_cells,MTA1,0.12388461849574517
YP03C,863,14611,YP03,Post,NR,863,44,0.05098493626882966,0.0008382379858896727,0.02609063545060376,0.0011587485515643107,0.0021359349426150016,0.0035784091000744716,Ductal_Epithelial,TTR,0.2075687908696704
YP04C,1914,17741,YP04,Post,NR,1914,96,0.050156739811912224,0.0030714993381775347,0.0726506995471953,0.0005224660397074191,0.0008583830883388615,0.002328019091722969,Low_Confidence,KRT7,0.18764352449934663
YP12A,1426,18020,YP12,Pre,R,1426,72,0.05049088359046283,0.00753682145306851,0.06250390965734172,0.0007012622720897616,0.0011063333413979456,0.003546172584336015,Low_Confidence,CD8A,0.09744349948112463
YP12C,914,17622,YP12,Post,R,914,46,0.05032822757111598,0.012313314169853536,0.08212089945735931,0.0010940919037199129,0.001992035611309348,0.00491322760706642,Endocrine,CLPS,0.23375515577471662
YP15A,1448,18015,YP15,Pre,R,1448,73,0.05041436464088398,0.0072721965317464245,0.0530156199521226,0.0006906077348066296,0.0012646323610124761,0.0034773793751217033,Macrophage,DES,0.21611585938595068
YP15C,1407,17965,YP15,Post,R,1407,71,0.05046197583511016,0.009390641212800322,0.16905851146381454,0.0007107320540156358,0.0012329295507514145,0.0029814350317099734,CAF_myCAF,TAGLN,0.20632990362094805
