sample,n_cells,n_genes,patient,timepoint,response,centrality_n_cells,centrality_n_hub_cells,centrality_hub_fraction,mean_betweenness,centrality_max_betweenness,mean_pagerank,centrality_max_pagerank,centrality_mean_degree,dominant_hub_type,top_mi_gene,top_mi_score
YP03A,953,17958,YP03,Pre,NR,953,48,0.0503672612801678,0.0100631031655365,0.0409693422686124,0.0010493179433368,0.0016149882692403,0.0052487941661449,NK_cells,MTA1,0.1238846184957451
YP03C,863,14611,YP03,Post,NR,863,44,0.0509849362688296,0.0008382379858896,0.0260906354506037,0.0011587485515643,0.002135934942615,0.0035784091000744,Ductal_Epithelial,TTR,0.2075687908696704
YP04C,1914,17741,YP04,Post,NR,1914,96,0.0501567398119122,0.0030714993381775,0.0726506995471953,0.0005224660397074,0.0008583830883388,0.0023280190917229,Low_Confidence,KRT7,0.1876435244993466
YP12A,1426,18020,YP12,Pre,R,1426,72,0.0504908835904628,0.0075368214530685,0.0625039096573417,0.0007012622720897,0.0011063333413979,0.003546172584336,Low_Confidence,CD8A,0.0974434994811246
YP12C,914,17622,YP12,Post,R,914,46,0.0503282275711159,0.0123133141698535,0.0821208994573593,0.0010940919037199,0.0019920356113093,0.0049132276070664,Endocrine,CLPS,0.2337551557747166
YP15A,1448,18015,YP15,Pre,R,1448,73,0.0504143646408839,0.0072721965317464,0.0530156199521226,0.0006906077348066,0.0012646323610124,0.0034773793751217,Macrophage,DES,0.2161158593859506
YP15C,1407,17965,YP15,Post,R,1407,71,0.0504619758351101,0.0093906412128003,0.1690585114638145,0.0007107320540156,0.0012329295507514,0.0029814350317099,CAF_myCAF,TAGLN,0.206329903620948
